
INSERT INTO n_number_info (n_number_info_id, n_number_name, site_digit, terminal_digit, ch_num, outside_call_prefix, extension_random_word, tutorial_flag, last_update_account_info_id, last_update_time, delete_flag) VALUES (1, 'N000010001', 4, 4, 40, 2, 'QteCc', true, 1, '2014-04-24 23:20:49.692113', false);
INSERT INTO n_number_info (n_number_info_id, n_number_name, site_digit, terminal_digit, ch_num, outside_call_prefix, extension_random_word, tutorial_flag, last_update_account_info_id, last_update_time, delete_flag) VALUES (3, 'ND002', 5, 5, 10, 2, 'dm002', false, 0, '2014-05-15 11:47:15', false);
INSERT INTO n_number_info (n_number_info_id, n_number_name, site_digit, terminal_digit, ch_num, outside_call_prefix, extension_random_word, tutorial_flag, last_update_account_info_id, last_update_time, delete_flag) VALUES (2, 'ND001', 5, 5, 10, 2, 'dm001', false, 0, '2014-05-15 11:45:50', false);
INSERT INTO n_number_info (n_number_info_id, n_number_name, site_digit, terminal_digit, ch_num, outside_call_prefix, extension_random_word, tutorial_flag, last_update_account_info_id, last_update_time, delete_flag) VALUES (4, 'ND003', 5, 5, 10, 2, 'dm003', false, 0, '2014-05-15 11:48:05', false);
INSERT INTO n_number_info (n_number_info_id, n_number_name, site_digit, terminal_digit, ch_num, outside_call_prefix, extension_random_word, tutorial_flag, last_update_account_info_id, last_update_time, delete_flag) VALUES (5, 'ND004', 5, 5, 10, 2, 'dm004', false, 0, '2014-05-15 11:48:57', false);

INSERT INTO site_address_info (site_address_info_id, n_number_info_id, location_id, location_name, zip_code, address, building_name, support_staff, contact_info, last_update_account_info_id, last_update_time, delete_flag) VALUES (1, 1, '001', '新設拠点001', 'CsMMXRaq3zZr3Vr7YFMUEw==', 'For0HkZLL2OK0iwr6mtnHxtwoVKRAnO7vcGzwqVqssQKRQc3dgu7adJX50AsgW2i', 'H4rl820yE4beDnR3biR7kg==', 'Embe1sQTVkBrsn9ruoqUQA==', 'IXQmaUJd2X4eohSuxdp1Gg==', 0, '2014-04-24 23:07:18.660665', false);


INSERT INTO extension_number_info (extension_number_info_id, n_number_info_id, extension_number, location_number, terminal_number, terminal_type, supply_type, site_address_info_id, extension_id, extension_password, location_num_multi_use, extra_channel, outbound_flag, absence_flag, call_regulation_flag, automatic_setting_flag, terminal_mac_address, so_activation_reserve_flag, last_update_account_info_id, last_update_time, delete_flag, auto_setting_type, vpn_access_type, vpn_location_n_number) VALUES (2, 1, '30013002', '3001', '3002', 0, 2, 1, 'A6hJBMNyhrZpVjXnD0CUDA==', '+bVu9nFC8oeTEcWhiy/FdA==', NULL, 0, false, false, false, false, NULL, false, 0, '2014-04-24 23:07:18.660665', false, NULL, NULL, NULL);
INSERT INTO extension_number_info (extension_number_info_id, n_number_info_id, extension_number, location_number, terminal_number, terminal_type, supply_type, site_address_info_id, extension_id, extension_password, location_num_multi_use, extra_channel, outbound_flag, absence_flag, call_regulation_flag, automatic_setting_flag, terminal_mac_address, so_activation_reserve_flag, last_update_account_info_id, last_update_time, delete_flag, auto_setting_type, vpn_access_type, vpn_location_n_number) VALUES (4, 1, '30013004', '3001', '3004', 1, 1, 1, 'uv4d5Nzagwve25jyiGnROw==', 'FOqL7Xo3BloycZGA2V3Fdg==', NULL, 0, false, false, false, false, NULL, false, 0, '2014-04-24 23:07:18.660665', false, NULL, NULL, NULL);
INSERT INTO extension_number_info (extension_number_info_id, n_number_info_id, extension_number, location_number, terminal_number, terminal_type, supply_type, site_address_info_id, extension_id, extension_password, location_num_multi_use, extra_channel, outbound_flag, absence_flag, call_regulation_flag, automatic_setting_flag, terminal_mac_address, so_activation_reserve_flag, last_update_account_info_id, last_update_time, delete_flag, auto_setting_type, vpn_access_type, vpn_location_n_number) VALUES (5, 1, '30013005', '3001', '3005', 1, 2, 1, '+W/Zs4RHyVgsx0zMnHVEVw==', 'bJ4ZgcDJFN3QviMLov4vXw==', NULL, 0, false, false, false, false, NULL, false, 0, '2014-04-24 23:07:18.660665', false, NULL, NULL, NULL);
INSERT INTO extension_number_info (extension_number_info_id, n_number_info_id, extension_number, location_number, terminal_number, terminal_type, supply_type, site_address_info_id, extension_id, extension_password, location_num_multi_use, extra_channel, outbound_flag, absence_flag, call_regulation_flag, automatic_setting_flag, terminal_mac_address, so_activation_reserve_flag, last_update_account_info_id, last_update_time, delete_flag, auto_setting_type, vpn_access_type, vpn_location_n_number) VALUES (7, 1, '30013007', '3001', '3007', 2, 1, 1, '/k1VT/sh8pXo8WxYTZPK3g==', 'bHCjUk1UgmGJ8GpzwsbYUA==', NULL, 0, false, false, false, false, NULL, false, 0, '2014-04-24 23:07:18.660665', false, NULL, NULL, NULL);
INSERT INTO extension_number_info (extension_number_info_id, n_number_info_id, extension_number, location_number, terminal_number, terminal_type, supply_type, site_address_info_id, extension_id, extension_password, location_num_multi_use, extra_channel, outbound_flag, absence_flag, call_regulation_flag, automatic_setting_flag, terminal_mac_address, so_activation_reserve_flag, last_update_account_info_id, last_update_time, delete_flag, auto_setting_type, vpn_access_type, vpn_location_n_number) VALUES (8, 1, '30013008', '3001', '3008', 2, 2, 1, 'GEobJjskBTMhDNAGZsewCg==', 'WhreD3ZNhUKpXY0p0hjz8g==', NULL, 0, false, false, false, false, NULL, false, 0, '2014-04-24 23:07:18.660665', false, NULL, NULL, NULL);
INSERT INTO extension_number_info (extension_number_info_id, n_number_info_id, extension_number, location_number, terminal_number, terminal_type, supply_type, site_address_info_id, extension_id, extension_password, location_num_multi_use, extra_channel, outbound_flag, absence_flag, call_regulation_flag, automatic_setting_flag, terminal_mac_address, so_activation_reserve_flag, last_update_account_info_id, last_update_time, delete_flag, auto_setting_type, vpn_access_type, vpn_location_n_number) VALUES (9, 1, '30013009', '3001', '3009', 2, 3, 1, 'ZDwGfE0L+ewd0DM96xjyyg==', 'O96IPiL+SC73PagXgjeMSQ==', NULL, 0, false, false, false, false, NULL, false, 0, '2014-04-24 23:07:18.660665', false, NULL, NULL, NULL);
INSERT INTO extension_number_info (extension_number_info_id, n_number_info_id, extension_number, location_number, terminal_number, terminal_type, supply_type, site_address_info_id, extension_id, extension_password, location_num_multi_use, extra_channel, outbound_flag, absence_flag, call_regulation_flag, automatic_setting_flag, terminal_mac_address, so_activation_reserve_flag, last_update_account_info_id, last_update_time, delete_flag, auto_setting_type, vpn_access_type, vpn_location_n_number) VALUES (11, 1, '7001', '7001', NULL, 3, 1, 1, 'jruXsCe/7bU9YDu5sc5ZVK9SpB37GIonM6xsbI5EsgA=', '/F3vM8hVKcM2RdxQOGeAsw==', 2, 1, false, false, false, false, NULL, false, 0, '2014-04-24 23:07:18.660665', false, NULL, NULL, NULL);
INSERT INTO extension_number_info (extension_number_info_id, n_number_info_id, extension_number, location_number, terminal_number, terminal_type, supply_type, site_address_info_id, extension_id, extension_password, location_num_multi_use, extra_channel, outbound_flag, absence_flag, call_regulation_flag, automatic_setting_flag, terminal_mac_address, so_activation_reserve_flag, last_update_account_info_id, last_update_time, delete_flag, auto_setting_type, vpn_access_type, vpn_location_n_number) VALUES (12, 1, '7001', '7001', NULL, 3, 1, 1, 'ZkspOSlJkvxezwAGtmmjbg+WWwaJRzEFGAsgyT7bu60=', 'AjTQ8AtC8oL86VnmNvIu7w==', 3, 1, false, false, false, false, NULL, false, 0, '2014-04-24 23:07:18.660665', false, NULL, NULL, NULL);
INSERT INTO extension_number_info (extension_number_info_id, n_number_info_id, extension_number, location_number, terminal_number, terminal_type, supply_type, site_address_info_id, extension_id, extension_password, location_num_multi_use, extra_channel, outbound_flag, absence_flag, call_regulation_flag, automatic_setting_flag, terminal_mac_address, so_activation_reserve_flag, last_update_account_info_id, last_update_time, delete_flag, auto_setting_type, vpn_access_type, vpn_location_n_number) VALUES (13, 1, '7003', '7003', NULL, 3, 1, 1, 'ZMRWcIv5+AxaFm1311gPQEBBhnvra5oszKyRFC8a00M=', 's41kv9w73Hmu8cnoicRYYw==', 1, 1, false, false, false, false, NULL, false, 0, '2014-04-24 23:07:18.660665', false, NULL, NULL, NULL);
INSERT INTO extension_number_info (extension_number_info_id, n_number_info_id, extension_number, location_number, terminal_number, terminal_type, supply_type, site_address_info_id, extension_id, extension_password, location_num_multi_use, extra_channel, outbound_flag, absence_flag, call_regulation_flag, automatic_setting_flag, terminal_mac_address, so_activation_reserve_flag, last_update_account_info_id, last_update_time, delete_flag, auto_setting_type, vpn_access_type, vpn_location_n_number) VALUES (14, 1, '7004', '7004', NULL, 3, 1, 1, 'Gt655X8EdU/JlIvbebYPsT3MRuSXppu7YKlwigiQiKI=', 'JWvZiRZ/YIxwSzXeBg/fmg==', 1, 11, false, false, false, false, NULL, false, 0, '2014-04-24 23:07:18.660665', false, NULL, NULL, NULL);
INSERT INTO extension_number_info (extension_number_info_id, n_number_info_id, extension_number, location_number, terminal_number, terminal_type, supply_type, site_address_info_id, extension_id, extension_password, location_num_multi_use, extra_channel, outbound_flag, absence_flag, call_regulation_flag, automatic_setting_flag, terminal_mac_address, so_activation_reserve_flag, last_update_account_info_id, last_update_time, delete_flag, auto_setting_type, vpn_access_type, vpn_location_n_number) VALUES (15, 1, '7005', '7005', NULL, 3, 1, 1, 'RUITgkycy+4GGD/GlD/5rezG8A9jgWPASX4YWa/yuHg=', 'nTDLMpLkLFmYZ64IAQGhDg==', 1, 11, false, false, false, false, NULL, false, 0, '2014-04-24 23:07:18.660665', false, NULL, NULL, NULL);
INSERT INTO extension_number_info (extension_number_info_id, n_number_info_id, extension_number, location_number, terminal_number, terminal_type, supply_type, site_address_info_id, extension_id, extension_password, location_num_multi_use, extra_channel, outbound_flag, absence_flag, call_regulation_flag, automatic_setting_flag, terminal_mac_address, so_activation_reserve_flag, last_update_account_info_id, last_update_time, delete_flag, auto_setting_type, vpn_access_type, vpn_location_n_number) VALUES (10, 1, '7001', '7001', NULL, 3, 4, 1, 'VYNTx0uuNeJHsjpG8gptjjBoTc3Y9eRmLIhI5AHOIWw=', 'RfaKb+QnOn/pcuXkYWMqig==', 1, 2, true, false, false, false, NULL, false, 1, '2014-04-25 05:22:58.606847', false, NULL, NULL, NULL);
INSERT INTO extension_number_info (extension_number_info_id, n_number_info_id, extension_number, location_number, terminal_number, terminal_type, supply_type, site_address_info_id, extension_id, extension_password, location_num_multi_use, extra_channel, outbound_flag, absence_flag, call_regulation_flag, automatic_setting_flag, terminal_mac_address, so_activation_reserve_flag, last_update_account_info_id, last_update_time, delete_flag, auto_setting_type, vpn_access_type, vpn_location_n_number) VALUES (6, 1, '30013006', '3001', '3006', 1, 3, 1, '5fnq0kxupa5MyVi+IMo2Uw==', 'D2mFspRL87OEayicJNBRVw==', NULL, 0, false, true, false, false, NULL, false, 1, '2014-04-25 13:39:44.613788', false, NULL, NULL, NULL);
INSERT INTO extension_number_info (extension_number_info_id, n_number_info_id, extension_number, location_number, terminal_number, terminal_type, supply_type, site_address_info_id, extension_id, extension_password, location_num_multi_use, extra_channel, outbound_flag, absence_flag, call_regulation_flag, automatic_setting_flag, terminal_mac_address, so_activation_reserve_flag, last_update_account_info_id, last_update_time, delete_flag, auto_setting_type, vpn_access_type, vpn_location_n_number) VALUES (3, 1, '30013003', '3001', '3003', 0, 3, 1, 'mnSsE15oXjfm+GjAb7XpNg==', 'wB5xKoWTeeS3lrOivaKRug==', NULL, 0, true, false, false, false, NULL, false, 17, '2014-05-15 13:31:21.439308', false, NULL, NULL, NULL);
INSERT INTO extension_number_info (extension_number_info_id, n_number_info_id, extension_number, location_number, terminal_number, terminal_type, supply_type, site_address_info_id, extension_id, extension_password, location_num_multi_use, extra_channel, outbound_flag, absence_flag, call_regulation_flag, automatic_setting_flag, terminal_mac_address, so_activation_reserve_flag, last_update_account_info_id, last_update_time, delete_flag, auto_setting_type, vpn_access_type, vpn_location_n_number) VALUES (1, 1, '30013001', '3001', '3001', 0, 1, 1, 'QW6rPWwqr3sHWHLQhSrGGA==', 'bQTBl0IYq/IfIlFHqTJG5w==', NULL, 0, false, true, false, false, NULL, false, 17, '2014-05-15 13:46:07.259509', false, NULL, NULL, NULL);


INSERT INTO absence_behavior_info (absence_behavior_info_id, extension_number_info_id, absence_behavior_type, forward_phone_number, forward_behavior_type_unconditional, forward_behavior_type_busy, forward_behavior_type_outside, forward_behavior_type_no_answer, call_time, connect_number_1, connect_number_2, call_start_time_1, call_start_time_2, call_end_time, answerphone_flag, answerphone_password, last_update_account_info_id, last_update_time, delete_flag) VALUES (2, 2, 1, NULL, NULL, NULL, NULL, NULL, NULL, NULL, NULL, NULL, NULL, NULL, NULL, 'bmmwVv55++MOj4qv6n34VA==', 0, '2014-04-24 23:07:18.660665', false);
INSERT INTO absence_behavior_info (absence_behavior_info_id, extension_number_info_id, absence_behavior_type, forward_phone_number, forward_behavior_type_unconditional, forward_behavior_type_busy, forward_behavior_type_outside, forward_behavior_type_no_answer, call_time, connect_number_1, connect_number_2, call_start_time_1, call_start_time_2, call_end_time, answerphone_flag, answerphone_password, last_update_account_info_id, last_update_time, delete_flag) VALUES (3, 3, 1, NULL, NULL, NULL, NULL, NULL, NULL, NULL, NULL, NULL, NULL, NULL, NULL, 'ftFmtkfgMU7zZPf451NzSA==', 0, '2014-04-24 23:07:18.660665', false);
INSERT INTO absence_behavior_info (absence_behavior_info_id, extension_number_info_id, absence_behavior_type, forward_phone_number, forward_behavior_type_unconditional, forward_behavior_type_busy, forward_behavior_type_outside, forward_behavior_type_no_answer, call_time, connect_number_1, connect_number_2, call_start_time_1, call_start_time_2, call_end_time, answerphone_flag, answerphone_password, last_update_account_info_id, last_update_time, delete_flag) VALUES (4, 4, 1, NULL, NULL, NULL, NULL, NULL, NULL, NULL, NULL, NULL, NULL, NULL, NULL, 'BRwHmcL9dj2eFUkyEhV42w==', 0, '2014-04-24 23:07:18.660665', false);
INSERT INTO absence_behavior_info (absence_behavior_info_id, extension_number_info_id, absence_behavior_type, forward_phone_number, forward_behavior_type_unconditional, forward_behavior_type_busy, forward_behavior_type_outside, forward_behavior_type_no_answer, call_time, connect_number_1, connect_number_2, call_start_time_1, call_start_time_2, call_end_time, answerphone_flag, answerphone_password, last_update_account_info_id, last_update_time, delete_flag) VALUES (5, 5, 1, NULL, NULL, NULL, NULL, NULL, NULL, NULL, NULL, NULL, NULL, NULL, NULL, '1JuNpHi+UrUHCiS0thxfSg==', 0, '2014-04-24 23:07:18.660665', false);
INSERT INTO absence_behavior_info (absence_behavior_info_id, extension_number_info_id, absence_behavior_type, forward_phone_number, forward_behavior_type_unconditional, forward_behavior_type_busy, forward_behavior_type_outside, forward_behavior_type_no_answer, call_time, connect_number_1, connect_number_2, call_start_time_1, call_start_time_2, call_end_time, answerphone_flag, answerphone_password, last_update_account_info_id, last_update_time, delete_flag) VALUES (7, 7, 1, NULL, NULL, NULL, NULL, NULL, NULL, NULL, NULL, NULL, NULL, NULL, NULL, 'DnsoPmxwUTjFgSwIZFm2+Q==', 0, '2014-04-24 23:07:18.660665', false);
INSERT INTO absence_behavior_info (absence_behavior_info_id, extension_number_info_id, absence_behavior_type, forward_phone_number, forward_behavior_type_unconditional, forward_behavior_type_busy, forward_behavior_type_outside, forward_behavior_type_no_answer, call_time, connect_number_1, connect_number_2, call_start_time_1, call_start_time_2, call_end_time, answerphone_flag, answerphone_password, last_update_account_info_id, last_update_time, delete_flag) VALUES (8, 8, 1, NULL, NULL, NULL, NULL, NULL, NULL, NULL, NULL, NULL, NULL, NULL, NULL, 'YrwJ0o/M63jIkY6j0Vso4w==', 0, '2014-04-24 23:07:18.660665', false);
INSERT INTO absence_behavior_info (absence_behavior_info_id, extension_number_info_id, absence_behavior_type, forward_phone_number, forward_behavior_type_unconditional, forward_behavior_type_busy, forward_behavior_type_outside, forward_behavior_type_no_answer, call_time, connect_number_1, connect_number_2, call_start_time_1, call_start_time_2, call_end_time, answerphone_flag, answerphone_password, last_update_account_info_id, last_update_time, delete_flag) VALUES (9, 9, 1, NULL, NULL, NULL, NULL, NULL, NULL, NULL, NULL, NULL, NULL, NULL, NULL, '1LrY2/93NksKepUwKcmkKg==', 0, '2014-04-24 23:07:18.660665', false);
INSERT INTO absence_behavior_info (absence_behavior_info_id, extension_number_info_id, absence_behavior_type, forward_phone_number, forward_behavior_type_unconditional, forward_behavior_type_busy, forward_behavior_type_outside, forward_behavior_type_no_answer, call_time, connect_number_1, connect_number_2, call_start_time_1, call_start_time_2, call_end_time, answerphone_flag, answerphone_password, last_update_account_info_id, last_update_time, delete_flag) VALUES (10, 10, 1, NULL, NULL, NULL, NULL, NULL, NULL, NULL, NULL, NULL, NULL, NULL, NULL, 'S5j1sVklopihq0z8CGoMTA==', 0, '2014-04-24 23:07:18.660665', false);
INSERT INTO absence_behavior_info (absence_behavior_info_id, extension_number_info_id, absence_behavior_type, forward_phone_number, forward_behavior_type_unconditional, forward_behavior_type_busy, forward_behavior_type_outside, forward_behavior_type_no_answer, call_time, connect_number_1, connect_number_2, call_start_time_1, call_start_time_2, call_end_time, answerphone_flag, answerphone_password, last_update_account_info_id, last_update_time, delete_flag) VALUES (11, 11, 1, NULL, NULL, NULL, NULL, NULL, NULL, NULL, NULL, NULL, NULL, NULL, NULL, '8emZSTzohtpeOBM9ZaXfQw==', 0, '2014-04-24 23:07:18.660665', false);
INSERT INTO absence_behavior_info (absence_behavior_info_id, extension_number_info_id, absence_behavior_type, forward_phone_number, forward_behavior_type_unconditional, forward_behavior_type_busy, forward_behavior_type_outside, forward_behavior_type_no_answer, call_time, connect_number_1, connect_number_2, call_start_time_1, call_start_time_2, call_end_time, answerphone_flag, answerphone_password, last_update_account_info_id, last_update_time, delete_flag) VALUES (12, 12, 1, NULL, NULL, NULL, NULL, NULL, NULL, NULL, NULL, NULL, NULL, NULL, NULL, 'cGEvyfS4d3m+ABzPlQHeyg==', 0, '2014-04-24 23:07:18.660665', false);
INSERT INTO absence_behavior_info (absence_behavior_info_id, extension_number_info_id, absence_behavior_type, forward_phone_number, forward_behavior_type_unconditional, forward_behavior_type_busy, forward_behavior_type_outside, forward_behavior_type_no_answer, call_time, connect_number_1, connect_number_2, call_start_time_1, call_start_time_2, call_end_time, answerphone_flag, answerphone_password, last_update_account_info_id, last_update_time, delete_flag) VALUES (13, 13, 1, NULL, NULL, NULL, NULL, NULL, NULL, NULL, NULL, NULL, NULL, NULL, NULL, '9Pvsiv95UMl6dyYhp/nA1g==', 0, '2014-04-24 23:07:18.660665', false);
INSERT INTO absence_behavior_info (absence_behavior_info_id, extension_number_info_id, absence_behavior_type, forward_phone_number, forward_behavior_type_unconditional, forward_behavior_type_busy, forward_behavior_type_outside, forward_behavior_type_no_answer, call_time, connect_number_1, connect_number_2, call_start_time_1, call_start_time_2, call_end_time, answerphone_flag, answerphone_password, last_update_account_info_id, last_update_time, delete_flag) VALUES (14, 14, 1, NULL, NULL, NULL, NULL, NULL, NULL, NULL, NULL, NULL, NULL, NULL, NULL, '8PLNiJ7UAeaLWNAH22i09g==', 0, '2014-04-24 23:07:18.660665', false);
INSERT INTO absence_behavior_info (absence_behavior_info_id, extension_number_info_id, absence_behavior_type, forward_phone_number, forward_behavior_type_unconditional, forward_behavior_type_busy, forward_behavior_type_outside, forward_behavior_type_no_answer, call_time, connect_number_1, connect_number_2, call_start_time_1, call_start_time_2, call_end_time, answerphone_flag, answerphone_password, last_update_account_info_id, last_update_time, delete_flag) VALUES (15, 15, 1, NULL, NULL, NULL, NULL, NULL, NULL, NULL, NULL, NULL, NULL, NULL, NULL, '1SGDXo2pXmo3BxsC3A9MZQ==', 0, '2014-04-24 23:07:18.660665', false);
INSERT INTO absence_behavior_info (absence_behavior_info_id, extension_number_info_id, absence_behavior_type, forward_phone_number, forward_behavior_type_unconditional, forward_behavior_type_busy, forward_behavior_type_outside, forward_behavior_type_no_answer, call_time, connect_number_1, connect_number_2, call_start_time_1, call_start_time_2, call_end_time, answerphone_flag, answerphone_password, last_update_account_info_id, last_update_time, delete_flag) VALUES (6, 6, 1, 'noBc1OsEkX+/qQXCW6zswQ==', 3, 3, 3, 3, 12, NULL, NULL, NULL, NULL, NULL, false, 'YjqvplgdfeolZha7hFVEjg==', 1, '2014-04-25 13:39:44.613788', false);
INSERT INTO absence_behavior_info (absence_behavior_info_id, extension_number_info_id, absence_behavior_type, forward_phone_number, forward_behavior_type_unconditional, forward_behavior_type_busy, forward_behavior_type_outside, forward_behavior_type_no_answer, call_time, connect_number_1, connect_number_2, call_start_time_1, call_start_time_2, call_end_time, answerphone_flag, answerphone_password, last_update_account_info_id, last_update_time, delete_flag) VALUES (1, 1, 1, 'CkUHN3YLu2nSV+dALIFtog==', 3, 2, 2, 2, 20, NULL, NULL, NULL, NULL, NULL, false, 'M3cNGMqgz/fz3ECnAiG7gQ==', 17, '2014-05-15 13:46:07.259509', false);


INSERT INTO account_info (account_info_id, login_id, password, n_number_info_id, account_type, extension_number_info_id, password_limit, lock_flag, password_history_1, password_history_2, password_history_3, add_account_flag, last_update_account_info_id, last_update_time, delete_flag) VALUES (1, 'login1', '9OkQdwNtyy7fmCLcOZY0wg==', NULL, 1, NULL, '2019-12-31 23:59:59.999999', false, NULL, NULL, NULL, false, 0, '2015-02-19 15:19:04.753691', false);
INSERT INTO account_info (account_info_id, login_id, password, n_number_info_id, account_type, extension_number_info_id, password_limit, lock_flag, password_history_1, password_history_2, password_history_3, add_account_flag, last_update_account_info_id, last_update_time, delete_flag) VALUES (2, 'SKQtbnYL', '7UuuBpqI7fDXOUgC2gn8Kg==', 1, 3, 1, '2014-10-21 23:07:23.926', false, NULL, NULL, NULL, false, 0, '2014-04-24 23:07:18.660665', false);
INSERT INTO account_info (account_info_id, login_id, password, n_number_info_id, account_type, extension_number_info_id, password_limit, lock_flag, password_history_1, password_history_2, password_history_3, add_account_flag, last_update_account_info_id, last_update_time, delete_flag) VALUES (3, 'cCoLsMwQ', '0/fuHNaVGUWn/HzLTC/cPw==', 1, 3, 2, '2014-10-21 23:07:23.969', false, NULL, NULL, NULL, false, 0, '2014-04-24 23:07:18.660665', false);
INSERT INTO account_info (account_info_id, login_id, password, n_number_info_id, account_type, extension_number_info_id, password_limit, lock_flag, password_history_1, password_history_2, password_history_3, add_account_flag, last_update_account_info_id, last_update_time, delete_flag) VALUES (4, 'KcWuiwEH', 'TI5w7oYuUeAmMG4HreC48g==', 1, 3, 3, '2014-10-21 23:07:23.98', false, NULL, NULL, NULL, false, 0, '2014-04-24 23:07:18.660665', false);
INSERT INTO account_info (account_info_id, login_id, password, n_number_info_id, account_type, extension_number_info_id, password_limit, lock_flag, password_history_1, password_history_2, password_history_3, add_account_flag, last_update_account_info_id, last_update_time, delete_flag) VALUES (5, 'jCGHHGzT', '7RapSWNqD/M5h+G0oloaKA==', 1, 3, 4, '2014-10-21 23:07:23.993', false, NULL, NULL, NULL, false, 0, '2014-04-24 23:07:18.660665', false);
INSERT INTO account_info (account_info_id, login_id, password, n_number_info_id, account_type, extension_number_info_id, password_limit, lock_flag, password_history_1, password_history_2, password_history_3, add_account_flag, last_update_account_info_id, last_update_time, delete_flag) VALUES (6, 'oIriROIa', 'de04FyAhv72fduq/kjAZhQ==', 1, 3, 5, '2014-10-21 23:07:24.013', false, NULL, NULL, NULL, false, 0, '2014-04-24 23:07:18.660665', false);
INSERT INTO account_info (account_info_id, login_id, password, n_number_info_id, account_type, extension_number_info_id, password_limit, lock_flag, password_history_1, password_history_2, password_history_3, add_account_flag, last_update_account_info_id, last_update_time, delete_flag) VALUES (7, 'yHCoONfq', 'alMMd3psjPmITs9QuUBCvg==', 1, 3, 6, '2014-10-21 23:07:24.028', false, NULL, NULL, NULL, false, 0, '2014-04-24 23:07:18.660665', false);
INSERT INTO account_info (account_info_id, login_id, password, n_number_info_id, account_type, extension_number_info_id, password_limit, lock_flag, password_history_1, password_history_2, password_history_3, add_account_flag, last_update_account_info_id, last_update_time, delete_flag) VALUES (8, 'DvlPnFsy', 'kaiuTwQKEkRu96Mw4uZC0w==', 1, 3, 7, '2014-10-21 23:07:24.041', false, NULL, NULL, NULL, false, 0, '2014-04-24 23:07:18.660665', false);
INSERT INTO account_info (account_info_id, login_id, password, n_number_info_id, account_type, extension_number_info_id, password_limit, lock_flag, password_history_1, password_history_2, password_history_3, add_account_flag, last_update_account_info_id, last_update_time, delete_flag) VALUES (9, 'MlcrFxet', 'BMdAUSgjLYAcwMb9NIiUUA==', 1, 3, 8, '2014-10-21 23:07:24.1', false, NULL, NULL, NULL, false, 0, '2014-04-24 23:07:18.660665', false);
INSERT INTO account_info (account_info_id, login_id, password, n_number_info_id, account_type, extension_number_info_id, password_limit, lock_flag, password_history_1, password_history_2, password_history_3, add_account_flag, last_update_account_info_id, last_update_time, delete_flag) VALUES (10, 'LOXYfXVh', 'UW0qnZd4YG8wPft2SaHMaA==', 1, 3, 9, '2014-10-21 23:07:24.112', false, NULL, NULL, NULL, false, 0, '2014-04-24 23:07:18.660665', false);
INSERT INTO account_info (account_info_id, login_id, password, n_number_info_id, account_type, extension_number_info_id, password_limit, lock_flag, password_history_1, password_history_2, password_history_3, add_account_flag, last_update_account_info_id, last_update_time, delete_flag) VALUES (11, 'BMseoiNS', 'Z+iTUC77XuCWftXYpilDTw==', 1, 3, 10, '2014-10-21 23:07:24.134', false, NULL, NULL, NULL, false, 0, '2014-04-24 23:07:18.660665', false);
INSERT INTO account_info (account_info_id, login_id, password, n_number_info_id, account_type, extension_number_info_id, password_limit, lock_flag, password_history_1, password_history_2, password_history_3, add_account_flag, last_update_account_info_id, last_update_time, delete_flag) VALUES (12, 'rgGpLUyE', 'JOdlTphhIlt1Jphi9otDWQ==', 1, 3, 11, '2014-10-21 23:07:24.146', false, NULL, NULL, NULL, false, 0, '2014-04-24 23:07:18.660665', false);
INSERT INTO account_info (account_info_id, login_id, password, n_number_info_id, account_type, extension_number_info_id, password_limit, lock_flag, password_history_1, password_history_2, password_history_3, add_account_flag, last_update_account_info_id, last_update_time, delete_flag) VALUES (13, 'ZolZjSpn', 'Y6RrHBeN4SMY3fXlywVSPA==', 1, 3, 12, '2014-10-21 23:07:24.157', false, NULL, NULL, NULL, false, 0, '2014-04-24 23:07:18.660665', false);
INSERT INTO account_info (account_info_id, login_id, password, n_number_info_id, account_type, extension_number_info_id, password_limit, lock_flag, password_history_1, password_history_2, password_history_3, add_account_flag, last_update_account_info_id, last_update_time, delete_flag) VALUES (14, 'lMDZtQBO', 'QEPO6qqDJ+d5O0XLksSkjQ==', 1, 3, 13, '2014-10-21 23:07:24.167', false, NULL, NULL, NULL, false, 0, '2014-04-24 23:07:18.660665', false);
INSERT INTO account_info (account_info_id, login_id, password, n_number_info_id, account_type, extension_number_info_id, password_limit, lock_flag, password_history_1, password_history_2, password_history_3, add_account_flag, last_update_account_info_id, last_update_time, delete_flag) VALUES (15, 'GixqZjyi', '6924CVCtkSYgepyYlEnETQ==', 1, 3, 14, '2014-10-21 23:07:24.18', false, NULL, NULL, NULL, false, 0, '2014-04-24 23:07:18.660665', false);
INSERT INTO account_info (account_info_id, login_id, password, n_number_info_id, account_type, extension_number_info_id, password_limit, lock_flag, password_history_1, password_history_2, password_history_3, add_account_flag, last_update_account_info_id, last_update_time, delete_flag) VALUES (16, 'ITCWGkLg', 'vP1m2msIbUf/AUfi3fKukw==', 1, 3, 15, '2014-10-21 23:07:24.315', false, NULL, NULL, NULL, false, 0, '2014-04-24 23:07:18.660665', false);
INSERT INTO account_info (account_info_id, login_id, password, n_number_info_id, account_type, extension_number_info_id, password_limit, lock_flag, password_history_1, password_history_2, password_history_3, add_account_flag, last_update_account_info_id, last_update_time, delete_flag) VALUES (18, 'BM2WGMBG', 'W32kJYiVSbfrNwSK3wbREQ==', NULL, 1, NULL, '2014-10-27 17:02:40.071', false, 'b7nQ7Ak0GIyHL62Liedm3g==', NULL, NULL, true, 17, '2014-04-30 17:02:59.238623', true);
INSERT INTO account_info (account_info_id, login_id, password, n_number_info_id, account_type, extension_number_info_id, password_limit, lock_flag, password_history_1, password_history_2, password_history_3, add_account_flag, last_update_account_info_id, last_update_time, delete_flag) VALUES (19, 'sHZO64OS', 'NdckRHNcJaBvhKeraVJDeg==', NULL, 1, NULL, '2014-10-27 17:03:47.483', false, NULL, NULL, NULL, true, 0, '2014-04-30 17:03:41.843067', false);


INSERT INTO call_regulation_info (call_regulation_info_id, n_number_info_id, call_regulation_number_1, call_regulation_number_2, call_regulation_number_3, call_regulation_number_4, call_regulation_number_5, call_regulation_number_6, call_regulation_number_7, call_regulation_number_8, call_regulation_number_9, call_regulation_number_10, call_regulation_number_11, call_regulation_number_12, call_regulation_number_13, call_regulation_number_14, call_regulation_number_15, call_regulation_number_16, call_regulation_number_17, call_regulation_number_18, call_regulation_number_19, call_regulation_number_20, last_update_account_info_id, last_update_time, delete_flag) VALUES (1, 1, 'aqfGhMxE+toaxx1/V9GAjQ==', NULL, NULL, NULL, NULL, NULL, NULL, NULL, NULL, NULL, NULL, NULL, NULL, NULL, NULL, NULL, NULL, NULL, NULL, NULL, 17, '2014-05-15 13:31:37.646828', false);

/*
INSERT INTO incoming_group_info (incoming_group_info_id, incoming_group_name, n_number_info_id, extension_number_info_id, group_call_type, no_answer_timer, last_update_account_info_id, last_update_time, delete_flag) VALUES (1, '01', 1, 1, 1, NULL, 17, '2014-04-30 14:03:48.934122', true);
INSERT INTO incoming_group_info (incoming_group_info_id, incoming_group_name, n_number_info_id, extension_number_info_id, group_call_type, no_answer_timer, last_update_account_info_id, last_update_time, delete_flag) VALUES (2, '01', 1, NULL, 3, NULL, 17, '2014-07-16 11:18:17.979738', true);
INSERT INTO incoming_group_info (incoming_group_info_id, incoming_group_name, n_number_info_id, extension_number_info_id, group_call_type, no_answer_timer, last_update_account_info_id, last_update_time, delete_flag) VALUES (3, '02', 1, 2, 1, NULL, 17, '2014-07-16 15:30:09.982788', true);
INSERT INTO incoming_group_info (incoming_group_info_id, incoming_group_name, n_number_info_id, extension_number_info_id, group_call_type, no_answer_timer, last_update_account_info_id, last_update_time, delete_flag) VALUES (4, '03', 1, 3, 2, NULL, 17, '2014-07-16 15:30:15.222086', true);
INSERT INTO incoming_group_info (incoming_group_info_id, incoming_group_name, n_number_info_id, extension_number_info_id, group_call_type, no_answer_timer, last_update_account_info_id, last_update_time, delete_flag) VALUES (5, '04', 1, NULL, 3, NULL, 17, '2014-07-16 15:30:21.037613', true);
*/
INSERT INTO incoming_group_info (incoming_group_info_id, incoming_group_name, n_number_info_id, extension_number_info_id, group_call_type, no_answer_timer, last_update_account_info_id, last_update_time, delete_flag) VALUES (6, '01', 1, 1, 1, NULL, 17, '2014-07-16 15:30:45.252024', false);
INSERT INTO incoming_group_info (incoming_group_info_id, incoming_group_name, n_number_info_id, extension_number_info_id, group_call_type, no_answer_timer, last_update_account_info_id, last_update_time, delete_flag) VALUES (7, '02', 1, 3, 2, NULL, 17, '2014-07-16 15:31:16.318201', false);
INSERT INTO incoming_group_info (incoming_group_info_id, incoming_group_name, n_number_info_id, extension_number_info_id, group_call_type, no_answer_timer, last_update_account_info_id, last_update_time, delete_flag) VALUES (8, '03', 1, NULL, 3, NULL, 17, '2014-07-16 15:31:28.899722', false);
INSERT INTO incoming_group_info (incoming_group_info_id, incoming_group_name, n_number_info_id, extension_number_info_id, group_call_type, no_answer_timer, last_update_account_info_id, last_update_time, delete_flag) VALUES (9, '04', 1, 7, 1, NULL, 17, '2014-07-16 15:31:48.207476', false);
INSERT INTO incoming_group_info (incoming_group_info_id, incoming_group_name, n_number_info_id, extension_number_info_id, group_call_type, no_answer_timer, last_update_account_info_id, last_update_time, delete_flag) VALUES (10, '05', 1, 2, 2, NULL, 17, '2014-07-16 15:32:01.691207', false);
INSERT INTO incoming_group_info (incoming_group_info_id, incoming_group_name, n_number_info_id, extension_number_info_id, group_call_type, no_answer_timer, last_update_account_info_id, last_update_time, delete_flag) VALUES (11, '06', 1, NULL, 3, NULL, 17, '2014-07-16 15:32:16.110384', false);


INSERT INTO incoming_group_child_number_info (incoming_group_child_number_info_id, incoming_group_info_id, incoming_order, extension_number_info_id) VALUES (24, 6, 1, 2);
INSERT INTO incoming_group_child_number_info (incoming_group_child_number_info_id, incoming_group_info_id, incoming_order, extension_number_info_id) VALUES (25, 7, 1, 4);
INSERT INTO incoming_group_child_number_info (incoming_group_child_number_info_id, incoming_group_info_id, incoming_order, extension_number_info_id) VALUES (26, 8, 1, 5);
INSERT INTO incoming_group_child_number_info (incoming_group_child_number_info_id, incoming_group_info_id, incoming_order, extension_number_info_id) VALUES (27, 8, 2, 6);
INSERT INTO incoming_group_child_number_info (incoming_group_child_number_info_id, incoming_group_info_id, incoming_order, extension_number_info_id) VALUES (28, 9, 1, 8);
INSERT INTO incoming_group_child_number_info (incoming_group_child_number_info_id, incoming_group_info_id, incoming_order, extension_number_info_id) VALUES (29, 10, 1, 9);
INSERT INTO incoming_group_child_number_info (incoming_group_child_number_info_id, incoming_group_info_id, incoming_order, extension_number_info_id) VALUES (30, 11, 1, 8);
INSERT INTO incoming_group_child_number_info (incoming_group_child_number_info_id, incoming_group_info_id, incoming_order, extension_number_info_id) VALUES (31, 11, 2, 9);


INSERT INTO infomation_info (infomation_info_id, infomation_info, last_update_account_info_id, last_update_time, delete_flag) VALUES (1, 'line 1
line 2', 17, '2014-04-30 17:57:00.807798', false);


INSERT INTO outside_call_info (outside_call_info_id, n_number_info_id, outside_call_service_type, outside_call_line_type, outside_call_number, sip_cvt_regist_number, add_flag, sip_id, sip_password, server_address, port_number, last_update_account_info_id, last_update_time, delete_flag) VALUES (1, 1, 1, NULL, '05022225555', NULL, false, 'T5zLF+pxllxTusStBbROrA==', 'T5zLF+pxllxTusStBbROrA==', NULL, NULL, 1, '2014-04-24 23:21:41.597244', false);
INSERT INTO outside_call_info (outside_call_info_id, n_number_info_id, outside_call_service_type, outside_call_line_type, outside_call_number, sip_cvt_regist_number, add_flag, sip_id, sip_password, server_address, port_number, last_update_account_info_id, last_update_time, delete_flag) VALUES (2, 1, 2, 1, '0312345678', NULL, false, 'qrbYXGUS5aEuCjHmlv7ZAQ==', 'qrbYXGUS5aEuCjHmlv7ZAQ==', NULL, NULL, 1, '2014-04-24 23:22:20.341906', false);
INSERT INTO outside_call_info (outside_call_info_id, n_number_info_id, outside_call_service_type, outside_call_line_type, outside_call_number, sip_cvt_regist_number, add_flag, sip_id, sip_password, server_address, port_number, last_update_account_info_id, last_update_time, delete_flag) VALUES (3, 1, 1, NULL, '05033336666', NULL, false, 'kqNyipPWECJLQtjeITPGIA==', 'kqNyipPWECJLQtjeITPGIA==', NULL, NULL, 1, '2014-04-24 23:36:04.031649', false);
INSERT INTO outside_call_info (outside_call_info_id, n_number_info_id, outside_call_service_type, outside_call_line_type, outside_call_number, sip_cvt_regist_number, add_flag, sip_id, sip_password, server_address, port_number, last_update_account_info_id, last_update_time, delete_flag) VALUES (4, 1, 3, NULL, '0699998888', '2000', false, 'SVlniA6lHeUKse/0Rp8o5g==', 'SVlniA6lHeUKse/0Rp8o5g==', 'PsG/DRpKAZs3cj2GFTjEWg==', 5060, 1, '2014-04-24 23:37:24.859233', false);
INSERT INTO outside_call_info (outside_call_info_id, n_number_info_id, outside_call_service_type, outside_call_line_type, outside_call_number, sip_cvt_regist_number, add_flag, sip_id, sip_password, server_address, port_number, last_update_account_info_id, last_update_time, delete_flag) VALUES (5, 1, 2, 1, '0398765432', NULL, true, 'qrbYXGUS5aEuCjHmlv7ZAQ==', 'qrbYXGUS5aEuCjHmlv7ZAQ==', NULL, NULL, 17, '2014-05-15 13:28:59.487946', false);
INSERT INTO outside_call_info (outside_call_info_id, n_number_info_id, outside_call_service_type, outside_call_line_type, outside_call_number, sip_cvt_regist_number, add_flag, sip_id, sip_password, server_address, port_number, last_update_account_info_id, last_update_time, delete_flag) VALUES (6, 1, 2, 2, '08789359988', NULL, false, 'q5UYp0Q/J1jXej0NMh9/Ug==', 'q5UYp0Q/J1jXej0NMh9/Ug==', NULL, NULL, 17, '2014-05-15 13:37:13.418184', false);


INSERT INTO outside_call_incoming_info (outside_call_incoming_info_id, outside_call_info_id, extension_number_info_id, voipgw_incoming_terminal_number, last_update_account_info_id, last_update_time, delete_flag) VALUES (1, 1, NULL, NULL, 1, '2014-04-24 23:21:41.597244', false);
INSERT INTO outside_call_incoming_info (outside_call_incoming_info_id, outside_call_info_id, extension_number_info_id, voipgw_incoming_terminal_number, last_update_account_info_id, last_update_time, delete_flag) VALUES (3, 3, NULL, NULL, 1, '2014-04-24 23:36:04.031649', false);
INSERT INTO outside_call_incoming_info (outside_call_incoming_info_id, outside_call_info_id, extension_number_info_id, voipgw_incoming_terminal_number, last_update_account_info_id, last_update_time, delete_flag) VALUES (2, 2, NULL, NULL, 1, '2014-04-25 06:48:00.735201', false);
INSERT INTO outside_call_incoming_info (outside_call_incoming_info_id, outside_call_info_id, extension_number_info_id, voipgw_incoming_terminal_number, last_update_account_info_id, last_update_time, delete_flag) VALUES (4, 4, NULL, NULL, 1, '2014-04-25 07:08:31.382644', false);
INSERT INTO outside_call_incoming_info (outside_call_incoming_info_id, outside_call_info_id, extension_number_info_id, voipgw_incoming_terminal_number, last_update_account_info_id, last_update_time, delete_flag) VALUES (5, 5, 1, NULL, 17, '2014-05-15 13:36:01.541798', false);
INSERT INTO outside_call_incoming_info (outside_call_incoming_info_id, outside_call_info_id, extension_number_info_id, voipgw_incoming_terminal_number, last_update_account_info_id, last_update_time, delete_flag) VALUES (6, 6, NULL, NULL, 17, '2014-05-15 13:37:13.418184', false);


INSERT INTO outside_call_sending_info (outside_call_sending_info_id, extension_number_info_id, outside_call_info_id, last_update_account_info_id, last_update_time, delete_flag) VALUES (1, 1, NULL, 0, '2014-04-24 23:07:18.660665', false);
INSERT INTO outside_call_sending_info (outside_call_sending_info_id, extension_number_info_id, outside_call_info_id, last_update_account_info_id, last_update_time, delete_flag) VALUES (2, 2, NULL, 0, '2014-04-24 23:07:18.660665', false);
INSERT INTO outside_call_sending_info (outside_call_sending_info_id, extension_number_info_id, outside_call_info_id, last_update_account_info_id, last_update_time, delete_flag) VALUES (4, 4, NULL, 0, '2014-04-24 23:07:18.660665', false);
INSERT INTO outside_call_sending_info (outside_call_sending_info_id, extension_number_info_id, outside_call_info_id, last_update_account_info_id, last_update_time, delete_flag) VALUES (5, 5, NULL, 0, '2014-04-24 23:07:18.660665', false);
INSERT INTO outside_call_sending_info (outside_call_sending_info_id, extension_number_info_id, outside_call_info_id, last_update_account_info_id, last_update_time, delete_flag) VALUES (6, 6, NULL, 0, '2014-04-24 23:07:18.660665', false);
INSERT INTO outside_call_sending_info (outside_call_sending_info_id, extension_number_info_id, outside_call_info_id, last_update_account_info_id, last_update_time, delete_flag) VALUES (7, 7, NULL, 0, '2014-04-24 23:07:18.660665', false);
INSERT INTO outside_call_sending_info (outside_call_sending_info_id, extension_number_info_id, outside_call_info_id, last_update_account_info_id, last_update_time, delete_flag) VALUES (8, 8, NULL, 0, '2014-04-24 23:07:18.660665', false);
INSERT INTO outside_call_sending_info (outside_call_sending_info_id, extension_number_info_id, outside_call_info_id, last_update_account_info_id, last_update_time, delete_flag) VALUES (9, 9, NULL, 0, '2014-04-24 23:07:18.660665', false);
INSERT INTO outside_call_sending_info (outside_call_sending_info_id, extension_number_info_id, outside_call_info_id, last_update_account_info_id, last_update_time, delete_flag) VALUES (11, 13, NULL, 0, '2014-04-24 23:07:18.660665', false);
INSERT INTO outside_call_sending_info (outside_call_sending_info_id, extension_number_info_id, outside_call_info_id, last_update_account_info_id, last_update_time, delete_flag) VALUES (12, 14, NULL, 0, '2014-04-24 23:07:18.660665', false);
INSERT INTO outside_call_sending_info (outside_call_sending_info_id, extension_number_info_id, outside_call_info_id, last_update_account_info_id, last_update_time, delete_flag) VALUES (13, 15, NULL, 0, '2014-04-24 23:07:18.660665', false);
INSERT INTO outside_call_sending_info (outside_call_sending_info_id, extension_number_info_id, outside_call_info_id, last_update_account_info_id, last_update_time, delete_flag) VALUES (10, 10, 4, 1, '2014-04-25 05:22:58.606847', false);
INSERT INTO outside_call_sending_info (outside_call_sending_info_id, extension_number_info_id, outside_call_info_id, last_update_account_info_id, last_update_time, delete_flag) VALUES (3, 3, 5, 17, '2014-05-15 13:31:21.439308', false);


INSERT INTO vm_resource_type_master (vm_resource_type_master_id, vm_resource_type_name, cpu_core_number, memory_size, hdd_size, vm_dicide_under, vm_dicide_top) VALUES (1, 'VMリソース01', 1, '2', '80', 0, 150);
INSERT INTO vm_resource_type_master (vm_resource_type_master_id, vm_resource_type_name, cpu_core_number, memory_size, hdd_size, vm_dicide_under, vm_dicide_top) VALUES (2, 'VMリソース02', 2, '4', '1024', 151, 10000);


INSERT INTO vm_info (vm_info_id, vm_id, vm_global_ip, vm_private_ip_f, vm_private_ip_b, fqdn, os_login_id, os_password, vm_resource_type_master_id, file_version, n_number_info_id, vm_status, abolition_time, last_update_account_info_id, last_update_time, delete_flag, apgw_global_ip, vpn_global_ip, vpn_private_ip, vpn_fqdn_ip, vpn_fqdn_octet_four, vpn_n_number, apgw_function_number, bhec_n_number, apgw_n_number, vpn_usable_flag, connect_type) VALUES (1, 'vm001', 'rklr7V3r64fVM5QuGuT2+Q==', '172.16.145.1', '127.0.0.1', 'pSJrcfn51VcWGz+ESr4d7rUekxWlpYMHYDJ9mFvfAyc=', 'TLcSoOv1sF87LFaCUvlh7A==', 'NdckRHNcJaBvhKeraVJDeg==', 2, 'A', NULL, 9, NULL, 0, '2014-07-15 09:34:39.272869', false, NULL, NULL, NULL, NULL, NULL, NULL, NULL, NULL, NULL, false, NULL);
INSERT INTO vm_info (vm_info_id, vm_id, vm_global_ip, vm_private_ip_f, vm_private_ip_b, fqdn, os_login_id, os_password, vm_resource_type_master_id, file_version, n_number_info_id, vm_status, abolition_time, last_update_account_info_id, last_update_time, delete_flag, apgw_global_ip, vpn_global_ip, vpn_private_ip, vpn_fqdn_ip, vpn_fqdn_octet_four, vpn_n_number, apgw_function_number, bhec_n_number, apgw_n_number, vpn_usable_flag, connect_type) VALUES (2, 'vm002', '8U1TT3sV83xg5G8zKoYe4g==', '172.16.145.2', '127.0.0.2', '41CuLtkWEfRAHgEKxD4IqrUekxWlpYMHYDJ9mFvfAyc=', 'TLcSoOv1sF87LFaCUvlh7A==', 'NdckRHNcJaBvhKeraVJDeg==', 2, 'A', 1, 1, NULL, 0, '2014-07-15 09:34:39.272869', false, NULL, NULL, NULL, NULL, NULL, NULL, NULL, NULL, NULL, false, NULL);

/* (C) NTT Communications  2015  All Rights Reserved */
